match_id,group,home_team,away_team,date_utc,venue,predicted_home_goals,predicted_away_goals,corners,yellow_cards,red_cards,winner
1,A,Mexico,South Africa,2026-06-11 19:00:00,"Estadio Azteca, Mexico City",3,1,10,4,0,home
2,A,South Korea,UEFA Playoff D,2026-06-12 02:00:00,"Estadio Akron, Guadalajara",2,1,10,3,0,home
3,B,Canada,UEFA Playoff A,2026-06-12 19:00:00,"BMO Field, Toronto",2,1,10,3,0,home
4,D,USA,Paraguay,2026-06-13 01:00:00,"SoFi Stadium, Los Angeles",2,1,10,3,0,home
5,D,Australia,UEFA Playoff C,2026-06-13 04:00:00,"BC Place, Vancouver",2,1,10,2,0,home
6,B,Qatar,Switzerland,2026-06-13 19:00:00,"Levi's Stadium, Santa Clara",1,2,10,3,0,away
7,C,Brazil,Morocco,2026-06-13 22:00:00,"MetLife Stadium, East Rutherford",2,1,11,2,0,home
8,C,Haiti,Scotland,2026-06-14 01:00:00,"Gillette Stadium, Boston",1,2,11,2,0,away
9,E,Germany,Curaçao,2026-06-14 17:00:00,"NRG Stadium, Houston",3,1,11,2,0,home
10,F,Netherlands,Japan,2026-06-14 20:00:00,"AT&T Stadium, Dallas",2,1,11,3,0,home
11,E,Côte d'Ivoire,Ecuador,2026-06-14 23:00:00,"Lincoln Financial Field, Philadelphia",1,2,11,4,0,away
12,F,UEFA Playoff B,Tunisia,2026-06-15 02:00:00,"Estadio BBVA, Monterrey",1,2,10,3,0,away
13,H,Spain,Cabo Verde,2026-06-15 16:00:00,"Mercedes-Benz Stadium, Atlanta",3,1,11,3,0,home
14,G,Belgium,Egypt,2026-06-15 19:00:00,"Lumen Field, Seattle",2,1,11,2,0,home
15,H,Saudi Arabia,Uruguay,2026-06-15 22:00:00,"Hard Rock Stadium, Miami",1,2,10,5,0,away
16,G,Iran,New Zealand,2026-06-16 01:00:00,"SoFi Stadium, Los Angeles",3,1,10,3,0,home
17,J,Austria,Jordan,2026-06-16 04:00:00,"Levi's Stadium, Santa Clara",2,1,11,3,0,home
18,I,France,Senegal,2026-06-16 19:00:00,"MetLife Stadium, East Rutherford",2,1,11,3,0,home
19,I,FIFA Playoff 2,Norway,2026-06-16 22:00:00,"Gillette Stadium, Boston",1,3,11,2,0,away
20,J,Argentina,Algeria,2026-06-17 01:00:00,"GEHA Field at Arrowhead Stadium, Kansas City",2,1,11,3,0,home
21,K,Portugal,FIFA Playoff 1,2026-06-17 17:00:00,"NRG Stadium, Houston",4,1,11,2,0,home
22,L,England,Croatia,2026-06-17 20:00:00,"AT&T Stadium, Dallas",2,1,11,4,0,home
23,L,Ghana,Panama,2026-06-17 23:00:00,"BMO Field, Toronto",2,1,10,2,0,home
24,K,Uzbekistan,Colombia,2026-06-18 02:00:00,"Estadio Azteca, Mexico City",1,2,11,3,0,away
25,A,UEFA Playoff D,South Africa,2026-06-18 16:00:00,"Mercedes-Benz Stadium, Atlanta",1,1,10,2,0,draw
26,B,Switzerland,UEFA Playoff A,2026-06-18 19:00:00,"SoFi Stadium, Los Angeles",2,1,11,2,0,home
27,B,Canada,Qatar,2026-06-18 22:00:00,"BC Place, Vancouver",2,1,10,2,0,home
28,A,Mexico,South Korea,2026-06-19 01:00:00,"Estadio Akron, Guadalajara",2,1,10,4,0,home
29,D,UEFA Playoff C,Paraguay,2026-06-19 04:00:00,"Levi's Stadium, Santa Clara",1,2,10,3,0,away
30,D,USA,Australia,2026-06-19 19:00:00,"Lumen Field, Seattle",2,1,10,3,0,home
31,C,Scotland,Morocco,2026-06-19 22:00:00,"Gillette Stadium, Boston",1,2,11,2,0,away
32,C,Brazil,Haiti,2026-06-20 01:00:00,"Lincoln Financial Field, Philadelphia",3,1,11,3,0,home
33,F,Tunisia,Japan,2026-06-20 04:00:00,"Estadio BBVA, Monterrey",1,2,10,3,0,away
34,F,Netherlands,UEFA Playoff B,2026-06-20 17:00:00,"NRG Stadium, Houston",2,1,11,2,0,home
35,E,Germany,Côte d'Ivoire,2026-06-20 20:00:00,"BMO Field, Toronto",3,1,11,2,0,home
36,E,Ecuador,Curaçao,2026-06-21 00:00:00,"GEHA Field at Arrowhead Stadium, Kansas City",3,1,11,2,0,home
37,H,Spain,Saudi Arabia,2026-06-21 16:00:00,"Mercedes-Benz Stadium, Atlanta",3,0,11,3,0,home
38,G,Belgium,Iran,2026-06-21 19:00:00,"SoFi Stadium, Los Angeles",2,1,11,3,0,home
39,H,Uruguay,Cabo Verde,2026-06-21 22:00:00,"Hard Rock Stadium, Miami",3,1,10,2,0,home
40,G,New Zealand,Egypt,2026-06-22 01:00:00,"BC Place, Vancouver",1,2,10,3,0,away
41,J,Argentina,Austria,2026-06-22 17:00:00,"AT&T Stadium, Dallas",2,1,11,3,0,home
42,I,France,FIFA Playoff 2,2026-06-22 21:00:00,"Lincoln Financial Field, Philadelphia",5,1,11,2,0,home
43,I,Norway,Senegal,2026-06-23 00:00:00,"MetLife Stadium, East Rutherford",2,1,11,3,0,home
44,J,Jordan,Algeria,2026-06-23 03:00:00,"Levi's Stadium, Santa Clara",1,2,11,2,0,away
45,K,Portugal,Uzbekistan,2026-06-23 17:00:00,"NRG Stadium, Houston",2,1,11,2,0,home
46,L,England,Ghana,2026-06-23 20:00:00,"Gillette Stadium, Boston",3,0,11,3,0,home
47,L,Panama,Croatia,2026-06-23 23:00:00,"BMO Field, Toronto",1,2,10,3,0,away
48,K,Colombia,FIFA Playoff 1,2026-06-24 02:00:00,"Estadio Akron, Guadalajara",4,1,11,2,0,home
49,B,Switzerland,Canada,2026-06-24 19:00:00,"BC Place, Vancouver",2,1,10,2,0,home
50,B,UEFA Playoff A,Qatar,2026-06-24 19:00:00,"Lumen Field, Seattle",2,1,10,2,0,home
51,C,Scotland,Brazil,2026-06-24 22:00:00,"Hard Rock Stadium, Miami",1,2,11,3,0,away
52,C,Morocco,Haiti,2026-06-24 22:00:00,"Mercedes-Benz Stadium, Atlanta",2,1,11,3,0,home
53,A,UEFA Playoff D,Mexico,2026-06-25 01:00:00,"Estadio Azteca, Mexico City",1,2,11,3,0,away
54,A,South Africa,South Korea,2026-06-25 01:00:00,"Estadio BBVA, Monterrey",1,2,10,3,0,away
55,E,Curaçao,Côte d'Ivoire,2026-06-25 20:00:00,"Lincoln Financial Field, Philadelphia",1,2,11,2,0,away
56,E,Ecuador,Germany,2026-06-25 20:00:00,"MetLife Stadium, East Rutherford",1,2,11,3,0,away
57,F,Japan,UEFA Playoff B,2026-06-25 23:00:00,"AT&T Stadium, Dallas",2,1,11,3,0,home
58,F,Tunisia,Netherlands,2026-06-25 23:00:00,"GEHA Field at Arrowhead Stadium, Kansas City",1,2,10,3,0,away
59,D,USA,UEFA Playoff C,2026-06-26 02:00:00,"SoFi Stadium, Los Angeles",2,1,11,3,0,home
60,D,Paraguay,Australia,2026-06-26 02:00:00,"Levi's Stadium, Santa Clara",2,1,10,3,0,home
61,I,Norway,France,2026-06-26 19:00:00,"Gillette Stadium, Boston",1,2,11,3,0,away
62,I,Senegal,FIFA Playoff 2,2026-06-26 19:00:00,"BMO Field, Toronto",3,1,11,2,0,home
63,H,Cabo Verde,Saudi Arabia,2026-06-27 00:00:00,"NRG Stadium, Houston",1,2,10,3,0,away
64,H,Uruguay,Spain,2026-06-27 00:00:00,"Estadio Akron, Guadalajara",1,2,11,5,0,away
65,G,Egypt,Iran,2026-06-27 03:00:00,"Lumen Field, Seattle",1,2,10,3,0,away
66,G,New Zealand,Belgium,2026-06-27 03:00:00,"BC Place, Vancouver",1,3,11,7,1,away
67,L,Panama,England,2026-06-27 21:00:00,"MetLife Stadium, East Rutherford",1,3,11,3,0,away
68,L,Croatia,Ghana,2026-06-27 21:00:00,"Lincoln Financial Field, Philadelphia",2,1,10,3,0,home
69,K,Colombia,Portugal,2026-06-27 23:30:00,"Hard Rock Stadium, Miami",1,2,11,3,0,away
70,K,FIFA Playoff 1,Uzbekistan,2026-06-27 23:30:00,"Mercedes-Benz Stadium, Atlanta",1,2,10,2,0,away
71,J,Algeria,Austria,2026-06-28 02:00:00,"GEHA Field at Arrowhead Stadium, Kansas City",1,1,11,3,0,draw
72,J,Jordan,Argentina,2026-06-28 02:00:00,"AT&T Stadium, Dallas",1,2,11,4,0,away
